<LayoutManager>
  <SplitterPane Guid="1110cc97-8ab8-4880-bb72-0ef0a59ff726" Orientation="Horizontal" Width="1034.4" Height="620">
    <DocumentPanel Guid="2f00be0d-af43-4fbb-960c-e042e7612110" Width="1034.4" Height="461.451053283766">
      <DocumentPaneGroup Guid="0ad12838-c33d-4cfd-bcc3-8bf9f67b4f85" Width="1034.4" Height="461.451053283766">
        <Document Title="File-2.txt" ContentId="_documentOneView" Url="C:\Data\File-2.txt" />
        <Document Title="File-3.txt" ContentId="_documentTwoView" Url="C:\Data\Folder\File-3.txt" />
        <Document Title="File-4.txt" ContentId="_documentTwoView" Url="D:\Data\Folder\File-4.txt" />
        <Document Title="File-5.txt" ContentId="_documentTwoView" Url="D:\Data\Folder\File-5.txt" />
      </DocumentPaneGroup>
    </DocumentPanel>
    <ToolPaneGroup Guid="1b842e7f-72e9-47b2-a56c-27e68000191e" Width="1034.4" Height="152.548946716234">
      <Tool Title="Tool Two View Model" ContentId="_toolTwoView" />
      <Tool Title="Tool Three View Model" ContentId="_toolThreeView" />
    </ToolPaneGroup>
  </SplitterPane>
  <LeftSide>
    <UnpinnedToolData Sibling="1110cc97-8ab8-4880-bb72-0ef0a59ff726" IsHorizontal="False" IsFirst="True">
      <ToolPaneGroup Guid="cbd41f29-b104-40c1-a5d8-08a9a96238f1" Width="0" Height="0">
        <Tool Title="Tool Four View Model" ContentId="_toolFourView" />
      </ToolPaneGroup>
    </UnpinnedToolData>
  </LeftSide>
  <TopSide />
  <RightSide>
    <UnpinnedToolData Sibling="2f00be0d-af43-4fbb-960c-e042e7612110" IsHorizontal="False" IsFirst="False">
      <ToolPaneGroup Guid="46d478c1-664a-48e4-9cbb-e9236bf6a597" Width="248.245571218063" Height="461.451053283766">
        <Tool Title="Tool Five View Model" ContentId="_toolFiveView" />
        <Tool Title="Tool One View Model" ContentId="_toolOneView" />
      </ToolPaneGroup>
    </UnpinnedToolData>
  </RightSide>
  <BottomSide />
</LayoutManager>