<LayoutManager>
  <DocumentPanel Guid="41b620e6-311d-463f-9049-834d9e5511fc" Width="1123.4" Height="715.4">
    <DocumentPaneGroup Guid="0ad12838-c33d-4cfd-bcc3-8bf9f67b4f85" Width="1123.4" Height="715.4">
      <Document Title="File-1.txt" ContentId="_documentOneView" Url="C:\Data\File-1.txt" />
      <Document Title="File-2.txt" ContentId="_documentOneView" Url="C:\Data\File-2.txt" />
      <Document Title="File-3.txt" ContentId="_documentTwoView" Url="C:\Data\Folder\File-3.txt" />
      <Document Title="File-4.txt" ContentId="_documentTwoView" Url="D:\Data\Folder\File-4.txt" />
      <Document Title="File-5.txt" ContentId="_documentTwoView" Url="D:\Data\Folder\File-5.txt" />
    </DocumentPaneGroup>
  </DocumentPanel>
  <LeftSide>
    <UnpinnedToolData Sibling="1110cc97-8ab8-4880-bb72-0ef0a59ff726" IsHorizontal="False" IsFirst="True">
      <ToolPaneGroup Guid="782f2dc5-d1f5-46c0-a8ec-91f66c98d5bd" Width="376.5" Height="767">
        <Tool Title="Tool Four View Model" ContentId="_toolFourView" />
      </ToolPaneGroup>
    </UnpinnedToolData>
  </LeftSide>
  <TopSide>
    <UnpinnedToolData Sibling="1110cc97-8ab8-4880-bb72-0ef0a59ff726" IsHorizontal="True" IsFirst="True">
      <ToolPaneGroup Guid="21992489-ea8a-43ab-97e3-684dde412a0f" Width="1123.4" Height="173.5">
        <Tool Title="Tool Three View Model" ContentId="_toolThreeView" />
      </ToolPaneGroup>
    </UnpinnedToolData>
  </TopSide>
  <RightSide>
    <UnpinnedToolData Sibling="41b620e6-311d-463f-9049-834d9e5511fc" IsHorizontal="False" IsFirst="False">
      <ToolPaneGroup Guid="46d478c1-664a-48e4-9cbb-e9236bf6a597" Width="449.070497156613" Height="571.928748451053">
        <Tool Title="Tool Five View Model" ContentId="_toolFiveView" />
        <Tool Title="Tool One View Model" ContentId="_toolOneView" />
      </ToolPaneGroup>
    </UnpinnedToolData>
  </RightSide>
  <BottomSide>
    <UnpinnedToolData Sibling="41b620e6-311d-463f-9049-834d9e5511fc" IsHorizontal="True" IsFirst="False">
      <ToolPaneGroup Guid="1b842e7f-72e9-47b2-a56c-27e68000191e" Width="1123.4" Height="182.661214374226">
        <Tool Title="Tool Two View Model" ContentId="_toolTwoView" />
      </ToolPaneGroup>
    </UnpinnedToolData>
  </BottomSide>
</LayoutManager>